name,subscribePrice,postsCount,subscribersCount
Baby Riley,10.0,1079.0,
Mistress Cardi | Available Now,49.0,778.0,
Big Titty Goth Egg ğŸ˜ˆ AKA Lee,9.99,1416.0,
Txkitty69 Marie ğŸ’•,0.0,10032.0,95221.0
Sophie Dee,4.99,1440.0,
Lexi #1 Puerto Rican on OF,9.99,8385.0,50209.0
Lauren Elizabeth ğŸ‘±ğŸ»â€â™€ï¸,0.0,504.0,98660.0
jameliz,19.99,1304.0,
ğŸ‚BIRTHDAY GIRL Jennifer Rae Fox::,0.0,11532.0,
Lexi2Legit ğŸ’,20.0,203.0,
The Girl Next Door,9.99,3741.0,
Nita Marie XXX,6.49,17627.0,37214.0
ğŸ€Chloe RoseğŸ€ Thick Dolly ğŸ¥›,25.0,1844.0,
LIVE TN ğŸ„ğŸ¼Brooke is ğ—–ğ—¥ğ—˜ğ—”ğ— ğ—¬ ğŸ¥›,0.0,24877.0,788546.0
BrittanyağŸ’¸,20.0,225.0,
Victoria Matosa,8.9,2023.0,
Gimme UR COCK!,0.0,51480.0,430135.0
Sar â˜˜ï¸ Irish accent ğŸ¥µ DM â€œGIFTâ€ NOW!ğŸğŸ’¦,0.0,52219.0,251275.0
Madison Knox,0.0,36198.0,
Mila ğŸ’—,12.99,1428.0,
Sophie Dee ğŸ¦„,0.0,1159.0,537510.0
34G 4'10 ğŸ€,0.0,42510.0,
JadeTeen ğŸ’•,15.0,3261.0,
TOYOTA BJ 42,5.0,73.0,
Olivia ğŸ¤“ | #1 ASS on OF ğŸ‘,30.0,2201.0,
Sinful Summer ğŸ’‹,0.0,333.0,220245.0
Lily Phillips,9.99,4266.0,
Calista Melissa,9.99,5442.0,
Eliana Rose,15.0,8349.0,
Ruby Soho ğŸ‡¨ğŸ‡¦ Busty Nerd ğŸ’¦,9.0,3735.0,
Lexi2Legit ğŸ’,20.0,164.0,
Maddie Springs,14.0,5683.0,
PantyNectar,29.99,7357.0,
Peta,10.0,2402.0,
Fatherless hennyğŸ§‹,0.0,393.0,
Becca Marie ğŸ¤°pregnant mama,15.0,8750.0,
Madelynn May,12.0,1604.0,
ğ—–ğ—”ğ—§ â—,5.0,2104.0,
âœ¨ Faye âœ¨,12.0,1345.0,
emi ğŸ¥›,0.0,112.0,
breedable bianca â„ï¸,0.0,3627.0,288564.0
Cock Rate Queen ğŸ‘¸ğŸ»â¤ï¸ğŸ†,16.99,39862.0,
ğŸ¥¥ Molly ğŸ¥¥,0.0,48.0,
Babytatiana,5.0,38730.0,
Petite Elli ğŸ’—,10.0,2227.0,
ğ™ğ™„ğ™‡ğ™‡ ğ™ˆğ™€ ğ™ğ™‹ ğŸ¥§ğŸ’¦ 18 yo ğŸ˜‹,0.0,11557.0,
Stella Barey,9.0,2333.0,
Ari ğŸ’•,15.0,327.0,
Juliette Michele,15.99,1723.0,
Brittany Elizabeth,11.99,5256.0,1097.0
ğŸ€VANESSITAğŸ€DOLLY ğŸ‘±ğŸ»â€â™€ï¸ğŸ§ğŸ’¦,9.99,8991.0,
Hazel ğŸ‘¼ğŸ½,6.99,704.0,
Emma â¤ï¸ RATED #1 ASIAN ON OF â¤ï¸,25.0,1918.0,
KATIE DAVIS ğŸ’¦,19.99,22896.0,
Babyrayxxx.vip,21.0,2748.0,
Evelyn Miller- born with 2 vaginas ğŸ˜ˆ,20.0,6559.0,
Izzy Skye ğŸ¾,14.99,517.0,
Avva Ballerina,8.99,1774.0,
Skye Blue,0.0,4745.0,135722.0
BELLE'S VIP | petite Irish girlâ˜˜ï¸ ğŸ˜ˆ,10.0,3475.0,
Miss Lexa ğŸ’‹,9.99,4605.0,
GRACIEBON,9.99,1692.0,
NoFaceMom | Best OnlyFans | Hotwife,0.0,5774.0,53647.0
Tayler breanne,20.0,1936.0,
jade ğŸ“ no PPV,15.0,2450.0,
lovebyelenita,11.99,1658.0,
Domme Mommy Luna,0.0,28171.0,323717.0
Justine Jakobs ğŸ’•DM Me!,0.0,22799.0,
lucy mochi ğŸ¨ asian gf ;),20.0,1229.0,
kaitlyn ğŸ˜‡ğŸ’–,0.0,9910.0,119138.0
,,,
AZALYA,30.0,1175.0,
tierney alise 71,15.0,1456.0,
Lilly ğŸŒˆâ¤ï¸,0.0,31232.0,357443.0
ğ’ğ€ğ†ğ„ ğ­ğ¡ğ ğ’ğˆğ™ğ„ ğğ”ğ„ğ„ğ ğŸŒˆğŸ’¦ğŸŒºâœ¨ğŸ•³,15.99,6250.0,
Ava Adore,0.0,5968.0,21490.0
Haley NicoleğŸ’—,10.0,2149.0,
Marissa Dm me back! ^.^,0.0,2047.0,
ğŸ”´Hannah~JamesğŸ”´ LIVESTREAMING NOW! ğŸ¥,15.99,9790.0,
Lizâ™¡,10.0,858.0,
Valentina ğŸ’¦ #1 MIDGET ON ONLYFANS,9.95,507.0,
Mochi ğŸ”¥,14.99,2856.0,
ğŸ’Juicy JğŸ‘,10.99,3707.0,
Nora RoseğŸŒ¹,12.99,3103.0,
Lauran Vickers ğŸ’• Kinky Mommy,0.0,68098.0,149495.0
Lily Olsen,15.0,5871.0,
ğŸ–¤ Persephone Pink ğŸ–¤,9.99,6102.0,1450.0
Bunnie,15.0,1120.0,
Lily Kawaii âœ¨,15.0,2386.0,
Lily Michi â¤ï¸,8.99,16589.0,
Effy,9.99,497.0,
Nora Rivers,12.0,1289.0,
BigBootyBaileyVIP,7.77,1115.0,
Violet Brandani,0.0,4538.0,358579.0
Phoenix Marie ğŸ’‹ RATED #1 ON OF,5.0,2129.0,
Bunny Rose ğŸ°ğŸŒ¹â¤ï¸,10.0,10717.0,
ğŸ‡µğŸ‡±ğ‘ğğ§ ğ‘ğ¢ğ¯ğğ«ğ¬ ğŸŒŠ,0.0,391.0,
Sweet Bunny ğŸƒ,0.0,209.0,112427.0
Lamar,10.0,617.0,
Andjela Vestica VIP,27.89,585.0,
â™¡Adrianna Evesâ™¡,25.0,1086.0,
im.over.covid,10.0,1170.0,
ğŸ’— CLOCONUT ğŸ’—,16.99,703.0,
orphicbunny ğ“ƒ¹,12.5,942.0,
Cherrydana,49.0,913.0,
NEWLY SINGLE ELLE BROOKE ğŸ‡¬ğŸ‡§,29.99,6165.0,
Mommy,20.0,3799.0,
,,,
SAM SQU!RTS ğŸ‘€,0.0,7589.0,
Izzy Green,15.0,1057.0,
themotionoftheocean1,19.99,2446.0,
ğğ‘ğˆğğ‚ğ„ğ’ğ’ ğğˆğğ„ğ€ğğğ‹ğ„ â™¥ï¸ â™‹ï¸,10.99,1859.0,
MathemaKitten,12.99,3454.0,
OliviağŸ€,14.99,3710.0,
ZOE RHODE ğŸ’ğŸ§šğŸ¼ğŸ€,14.99,17872.0,
,,,
Jesse Switch - NO PPV,12.0,3850.0,2763.0
M Y S T I C ğŸ‘½,9.99,906.0,
Durden,6.0,3162.0,
Belle grace,20.0,12361.0,
grace,10.0,1167.0,
JoyyğŸ’•,10.99,4598.0,
ğŸ’ Nicole Chi ğŸ’,12.0,990.0,
Bec,8.0,3095.0,
ğ—ğ—¢ğ—­ğ—¬ğ—•ğ—Ÿğ—¢ğ—ªğ—¦ â¤ï¸â€ğŸ”¥,15.0,17707.0,
Pearl âœ¿,9.99,1887.0,
Toni-Camille,9.0,2215.0,
ğŸ· ğ™‘ğ™„ğ˜¿ğ™€ğ™Šğ˜¾ğ˜¼ğ™‡ğ™‡ ğ™‰ğ™Šğ™’ ğŸŒ¸,0.0,35725.0,
Saiiyansam,20.0,509.0,
Rachel Storms | JOI QUEEN,0.0,5011.0,
Morgan,10.0,1994.0,
ğŸ’‹ Mia ğŸ’‹,4.99,15126.0,
Arabelle Raphael,9.0,4256.0,2220.0
Ashley Carolina,15.0,1217.0,
Goddess Caelyx â™Œï¸ğŸ”¥ğŸ˜ˆ,7.5,12448.0,
Ema Novak,6.0,378.0,
Tyler Wisby,15.99,658.0,
LilyğŸ’— 21 YEAR OLD STUDENTğŸ˜‰,10.0,1840.0,
Nicole,12.99,2654.0,
Taylor Breesey,16.99,1447.0,
Lily Adrianne ğŸ’¦ğŸ’¦,15.0,1021.0,
Êš ğ™»ğšğš—ğšŠ ğ™±ğšğš—ğš—ğš¢ É,10.0,2474.0,
Tali,10.0,1834.0,
Joyce Zarza,14.99,1430.0,
Haley (NO PPV),19.99,1262.0,
ğŸŸ¢ONLINEğŸŸ¢ ANITA ğŸŒ·ğŸ‡ªğŸ‡¸ğŸ‡ºğŸ‡¸,0.0,13195.0,
Mia Falls,0.0,911.0,
Chantelleh23 NO PPV,10.0,4468.0,
MayğŸ˜½,19.99,3178.0,
SM ğŸ’¦,9.99,1486.0,
Steph Oshiri,12.99,1551.0,
Redheadwinter VIP!,30.0,1637.0,
Your sexy little med student &amp; gf â¤ï¸,12.0,1302.0,
ğŸ˜‹ KRISTEN SQ!URTS ğŸ’¦,12.0,1347.0,
Serena Boux  VIP ğŸ¦‹,14.99,14624.0,
ğŸŒ¸ songheli ğŸŒ¸,11.99,1416.0,
Nicole ğŸ’•,10.0,742.0,
Bailey Johnson,9.99,972.0,
Dirty danii,4.99,3049.0,
ğŸ’Dani DabelloğŸ’,10.99,2120.0,
Alexis Ainsley ~ Your Next Door NymphğŸ˜ˆ,8.0,4922.0,
Sophie Jane,17.99,253.0,
Gia- CHECK MESSAGES â™¥ï¸,30.0,5637.0,
BabyBeeBub ğŸ¦‡,5.0,9776.0,
ğ˜ğ¨ğ®ğ« ğğ§ğ¥ğ¢ğ§ğ ğ…ğšğ§ğ­ğšğ¬ğ²ğŸ’¦ ğš‚ğ™´ğš‡ğšƒ ğ™¼ğ™´ğŸ˜ˆ,0.0,10473.0,61615.0
Razorcandi,10.0,5049.0,
Victoria Cakes ğ•ğˆğ ğŸ–ï¸,19.99,261.0,
Syren Deville ğŸ’˜,6.0,8212.0,
Miss B. Nasty ğŸ‘‘,8.0,807.0,
Littlmisfit,9.99,1387.0,
EliseğŸ’The Butt PrincessğŸ’,10.0,1381.0,
ğŸ° Annie Lust ğŸ°,0.0,6890.0,238867.0
Rachel Olivia,14.99,2933.0,
ğ’ğ¨ğ©ğ¡ğ¢ğ ğ’ğ­ğ¨ğ«ğ¦ğ¬ ğŸ’¦ğŸ’¦,0.0,1855.0,160683.0
SARA RETALI ğŸ‘… LATINAğŸ’¦ SQU!RT QUEEN ğŸ’¦,10.0,3289.0,
â¤ï¸â€ğŸ”¥HAVANAâ¤ï¸â€ğŸ”¥,0.0,2027.0,69898.0
Nikki Hugs,14.99,2774.0,
ivy wren,9.99,517.0,
JENNY DAVIES ğŸ± ğŸ˜ˆ,12.99,2736.0,
Mamaplugs no PPV ğŸ’¦,12.5,4027.0,
Phoebe ğŸ’,19.95,2261.0,
Fun girl I guess,10.0,1107.0,
ğŸ©µDIVORCED HOT MOM NEXTDOORğŸ©µ,0.0,6650.0,
AMBER STARRXXX,19.99,8205.0,
ğŸ MANDY MAJORSğŸ,9.5,8660.0,
Amirah Leia - VIP PAGE,14.99,4208.0,
AIWA,14.0,2297.0,
Ava ğŸ’ full XXX vids on feed,15.0,11237.0,570.0
Mistress Nikky French | Mommy Femdom,0.0,15203.0,
I screw strangers ğŸ˜œ,0.0,9718.0,
ğ™‚ğ™§ğ™–ğ™˜ğ™ğ™š â™¡,15.0,902.0,
Scarlet Chase â™¡,9.99,2889.0,
Erikka,9.99,1181.0,
,,,
Jane ğŸ’•,10.99,257.0,
Lilly â¤ï¸,12.99,1897.0,
Jaileen,14.99,558.0,
HeatherbbyğŸŒ¸,14.99,1499.0,
ğŸ‡ºğŸ‡¦ Elizabeth ğŸ‡ºğŸ‡¦,15.0,760.0,
Cam Damage (he/him) AKA dirtbag dreamboy,8.0,2499.0,
Angelina,15.0,1214.0,
Mia Sorety,9.99,569.0,
Lola Valentine,14.99,1804.0,
Thickest Natural AssğŸ’¦ BeckyğŸ©·,0.0,2763.0,
ğŸ‡¬ğŸ‡§ Gia ğ™¡ğ™¤ğ™«ğ™šğ™¨ ğ™ğ™© ğ™§ğ™–ğ™¬ ğŸ˜œğŸ¥©,0.0,25640.0,
Cami Strella,10.0,2836.0,
Vivi Tarantino,9.99,1063.0,
ğŸŒ¹ğ—£ğ—¢ğ—Ÿğ—Ÿğ—¬ ğ—™ğ—¥ğ—˜ğ—˜,0.0,522.0,
Lauren ğŸ˜ˆ,0.0,31191.0,
â¤ï¸Roxy Looveâ¤ï¸,0.0,389.0,
Doris Arce | NUDE,24.99,856.0,
Valerie Vampyr,10.0,2840.0,
ğŸ’–ğŸ¥›FATTEST EMO PUSSY ONLINEğŸ¥›ğŸ’–,0.0,9000.0,224033.0
ğ—šğ—”ğ—•ğ—•ğ—¬,0.0,1211.0,
Mistress Sophia Sahara | PEGGING FEMDOM,10.0,2964.0,
DottyğŸ­,12.0,1185.0,
lacey laid,19.97,1976.0,
Nala,0.0,0.0,
ğŸŸ¢Mommyâ€™s online,0.0,1575.0,152539.0
ValarieğŸ’,20.0,143.0,
summer,5.95,3325.0,
Jessie Luv VIP (NO PPV),11.99,2020.0,
ğŒğ¢ğ¬ğ¬ğ—ºğğŸğ—¼ğ«ğğ¯ğğ« ğŸ’œğ•ğˆğ,12.99,2177.0,
JENNA ALEXANTRA ğŸ©· | TOP 0.9%,10.99,681.0,
ğŸ–¤Naughty RedheadğŸ–¤,0.0,3133.0,
Una Cakez ğŸ‚,18.0,9955.0,
heidiv â£ï¸ 150+ FREE XXX VIDEOS,17.99,6069.0,493.0
YummyCouple,19.99,2282.0,
Blair ğŸ«§ (VIP),12.0,1370.0,
Youlovemads NO PPV,25.0,1507.0,
TheCooks (NO PPV),20.0,1755.0,
Peach Necctar â™¡,9.49,2726.0,
Nikki â¤ï¸â€ğŸ”¥,10.0,1988.0,
ğ•¹ğ–†ğ–šğ–Œğ–ğ–™ğ– ğ•²ğ–†ğ–’ğ–Šğ–— ğ•²ğ–ğ–—ğ–‘,6.66,6965.0,
ğ’ğ‡ğ€ğğ“ğˆğŸ ğ‘©-ğ’…ğ’‚ğ’š ğ‘´ğ’ğ’ğ’•ğ’‰,0.0,3446.0,
MONEYBIRDETTE FREE,0.0,160.0,
Miss victoria myers,12.5,3704.0,
Jess and mike FULL VIDS ON WALL,10.0,5027.0,
ğŸ¦‹ Gracie ğŸ¦‹,10.0,4808.0,
CJ Clark,20.0,1617.0,
Luna Baylee,14.99,2280.0,
Nicole,0.0,13773.0,
Alexis Lust,9.99,1226.0,
Anna + Ben,19.99,3217.0,
Mrs. Andi,15.99,1230.0,
âœ¨Jen Moonâœ¨,12.0,7126.0,
Elle Ray ğŸ’,8.0,2173.0,
Kaedia Lang,9.99,2423.0,
,,,
ğŸ§â€â™€VEROGâ€¼ï¸ let's have a VIDEO CALL â€¼ï¸,0.0,13237.0,239555.0
Jasmine,12.99,2909.0,
ğ‘ğğ›ğğœğœğš â™¥ï¸,14.99,575.0,
Renee â™¡ Best natural body on OF ğŸ˜‡ğŸ‘€,14.0,287.0,
cynthiajadebabe,0.0,641.0,
,,,
MRS SOPHIEğŸ’‹,0.0,3034.0,
sabrina fox,6.0,2183.0,
The Ashleys,7.99,897.0,
E ğŸ€,10.0,283.0,
natalia ğŸŒ¹,9.99,1459.0,
KHLOEE LUCA,4.99,7991.0,
,,,
Curvy &amp; Creamy Mia ğŸ¼,15.0,9180.0,
Maddie â™¥ï¸ NO PPV!!,9.99,920.0,
Mommy Joy ğŸ’‹,20.0,1434.0,
ğŸ’‹NICOLE BROOKSğŸ’‹,10.0,1803.0,
á—´á—©ä¸… á—°Æ³ á‘•á•¼á—´á—´á”•á—´á—·á‘Œá–‡Ç¤á—´á–‡ ğŸ”,0.0,8094.0,
Grace ğŸ’«,10.0,322.0,
Flower ê•¥,19.98,829.0,
Angel Youngs ğŸ©µ,13.99,2757.0,
Jade ğŸ°,10.0,596.0,
Bea York,20.0,3589.0,
MaddieğŸ¦‹,0.0,329.0,
jane wilde,6.99,1315.0,
Thetayjean ğŸ’¦ Natural Fat ASS ğŸ‘,15.0,1162.0,
Sophie Mai ğŸ©· NO PPV â€¢ FREE COCK RATE âš ï¸,10.0,5863.0,
Maya,10.0,840.0,
Izzie ğŸ¤,10.0,482.0,
LUNA LOTTON ğŸ‘¸ğŸ¼ğŸ’¦,24.99,6727.0,
Kissa Sins,0.0,2196.0,
Bentlee ğŸ’«,15.0,852.0,
Scarlette Jamess,9.0,632.0,
Hannah â£ï¸check DMs!!!,10.0,5096.0,
,,,
JENNAâ€™S KINKY WORLD ğŸŒğŸ¥ğŸ’¦,12.5,419.0,
Gia Blaze ğŸš€âœ¨,15.0,6741.0,
Wildhalli,8.99,303.0,
Mari Sappho,10.0,3409.0,
Abigaiil Morris VIP,4.99,3261.0,
Riley Roscato,9.99,1781.0,
Daisy Drew,9.99,357.0,
Scarlet Winters,10.0,753.0,
Madison Knox VIP,30.0,15190.0,
ğŸ’AdrianağŸ’,9.99,2031.0,
MoodyFeet,12.0,2215.0,
ğŸ’‹SamğŸ’‹,12.5,1351.0,
Kimmy,0.0,637.0,
Pixei ğŸ§šğŸ¼â€â™€ï¸,4.99,980.0,
Hayleex,10.0,2786.0,
Nicole Aniston,9.99,1024.0,
ğŸ¤ Codename: Jas,10.0,5098.0,
,,,
Joanna Angel,6.66,2999.0,
EVIE ğŸ©·,10.0,4133.0,
Wild Katee Free,0.0,722.0,154394.0
briar riley - no ppv ever,5.99,1076.0,
Little Red Doll,10.0,236.0,
ğ†ğ¨ğğğğ¬ğ¬ ğŒğ¢ğ¬ğ­ğ² ğ‹ğ¢ğ¥ğ¢ğ­ğ¡,0.0,248.0,
Juliana Ferrara,12.99,1683.0,
Luna Lure,9.99,633.0,
Belle Creed,10.99,5324.0,
Zoey Di Giacomo âœ¨,22.0,579.0,
ğŸ’¦  Sienna Squirrt M1LF (vc &amp; free pix),0.0,479.0,
Rosie ğŸ‡¬ğŸ‡§ğŸŒ,12.0,3895.0,
Gia Kush,9.99,1301.0,
TOMIE VIP CLUB ğŸ­ FREE FOR NEXT 48 HRS,12.99,5302.0,
Mia Ipanema ğŸ’›ğŸ’š,14.99,1324.0,
Harley West,14.99,509.0,
Dani Leigh,0.0,1022.0,
Selena Ray Busty Blonde,9.99,1180.0,
Samyof #Best Rated Butt ğŸ‘,9.99,3317.0,
Lindsay ğŸ³ï¸â€âš§ï¸ğŸ‡§ğŸ‡·,6.99,713.0,
Alexis ğŸ’,22.0,955.0,
Flare Bahr ğŸ–¤,14.44,608.0,
Kelsey,9.99,205.0,
Lacy Lennon,9.99,1608.0,
PAOLA CELEB VIPğŸ”¥,9.99,515.0,
Brittny Blaine ğŸ”¥,19.99,1001.0,
Lola Cheeks,9.99,551.0,
Meg VIP âœ¨ğŸ®,9.99,1654.0,
allie â¤ï¸â€ğŸ”¥,24.99,5802.0,
Nina Kayy VIP,5.99,2826.0,
Jordan LOVES SEXTING ğŸ’¦,9.99,2887.0,
"Princesssabrina_official TOP 0,27%",14.99,573.0,
â™¡ Victoria Myers â™¡ Vids Included â˜†,19.99,5425.0,
Jamie Luna,0.0,12197.0,
xochavella,15.0,502.0,
Lillie Nue ğŸ’•,14.99,1260.0,
cleo blossomâ™¡,11.0,3394.0,
Meg,0.0,628.0,
Alexia ğŸ‡¬ğŸ‡§,14.99,3060.0,
Zaida,14.0,3195.0,1109.0
Lorena Blaze,12.0,729.0,
ğ—”ğ—©ğ—” 'ğ—™ğ—”ğ—ğ—˜ ğ—§ğ—”ğ—«ğ—œ ğ—¤ğ—¨ğ—˜ğ—˜ğ—¡' ğŸ‘‘ ğ—”ğ—¨ğ—¦ğ—§ğ—˜ğ—¡,9.98,3048.0,597.0
Farmer Ali,10.99,1614.0,
ğŸ’˜ Ashley (from Whole Foods ) ğŸ˜‰ğŸ¥’ğŸ’¦,14.99,684.0,
NO PPV BIANCAğŸ”“,25.0,1033.0,2164.0
niamh velvet | QUEEN OF PIES ğŸ¥§,10.0,3400.0,
HOT COLLEGE GIRL ğŸ˜ˆ,0.0,7081.0,50907.0
Jennifer White,7.99,2342.0,
TattoedKate ğŸ˜ˆ,9.0,792.0,
ğ‚ğšğ¢ğ¥ğ²ğ§ğŸ¦‹ğŸ’ ğ˜ğ¨ğ®ğ« ğğšğ®ğ ğ¡ğ­ğ² ğ’ğ­ğ®ğğğ§ğ­ ğŸ’¦ğŸ’–,0.0,1388.0,89159.0
Nova,15.0,1087.0,
ğ™‰ğ™€ğ™€ğ˜¿ ğ™‰ğ™€ğ™’ ğ˜¿ğ™„ğ˜¾ğ™†ğŸ˜ˆ,20.0,699.0,
TheUKCouple ğŸŒŸ VIP,4.99,4148.0,
,,,
ğŸ’¦ wet anime baby ğŸ’¦,4.99,1090.0,
India Rose ğŸ’,12.99,2573.0,
Kloe ğŸ‘,0.0,404.0,
Shugah Boogah ğŸ’–,10.0,1351.0,
Bailey Brewer ğŸ»,10.99,2340.0,
Demi Novak,15.99,1170.0,
Aja &lt;3,25.0,198.0,
Calita Fire | bushy babe,14.99,3934.0,
Daphnee Nadeau,14.99,2055.0,
Arabella Mia ğŸŒ¹,10.0,5825.0,
Sophi FoxğŸ¦Š,40.0,441.0,
â™¥ï¸Goth Bitchâ™¥ï¸,10.0,5617.0,
Diagon Jackson,10.0,223.0,4021.0
ğ‚ğ‡ğ€ğ‘ğ‹ğğ“ğ“ğ„,8.5,4634.0,
LEXY ANNE,0.0,4599.0,
Aaliyah AzizğŸ‘‘,14.99,1855.0,
naomi,9.99,194.0,
VenusDaGoat ğŸ‡²ğŸ‡½,10.0,919.0,
ğ—¦ğ—¨ğ— ğ— ğ—˜ğ—¥ ğ—¥ğ—¢ğ—¦ğ—˜ ğ—¦ğ—ªğ—œğ—¡ğ—šğ—˜ğ—¥ ğ—ªğ—œğ—™ğ—˜,14.99,6009.0,
"ğŸŸ¢ ğŸŒŸ ğ€ğ‘ğˆğğŠğ€ ğŸŒŸ ğŸ…¥ğŸ…˜ğŸ…“ğŸ…”ğŸ… ğŸ…’ğŸ…ğŸ…›ğŸ…› , ğŸ…²ğŸ†„ğŸ†‚ğŸ†ƒğŸ…¾ğŸ…œ  ğŸ…¥ğŸ…˜ğŸ…“ğŸ…¢",0.0,2705.0,199900.0
Livinia Roberts,22.0,945.0,
Kitty ğŸ˜» VIP ğŸ‘‘,25.0,14894.0,
Haley Spades,0.0,1442.0,
naomi ğŸ¦‹,19.99,890.0,
Sweet Vickie VIP ğŸ«¦ Top 0.4%,15.0,3380.0,
Lexis Star,4.99,1913.0,
Kay ğŸ¤¤,12.99,4706.0,25894.0
ğŸŸ¢MISS UNIVERSE FITNESS â­ SONIAAMATS â­,0.0,992.0,
Emily,19.0,598.0,2256.0
Dakota Deville,12.99,3162.0,
Flower ğŸŒ¸,0.0,505.0,
Layla Adeline ğŸ’¦ğŸ‘,8.99,997.0,
Ms. Kreamy,5.0,1037.0,
Marie Kaleidaâœ¨,15.0,1805.0,
Stella â­ï¸ VIP ğŸ‡©ğŸ‡ª,12.99,3949.0,
Ivy ğŸŒ¿,9.99,453.0,
Ella MarieğŸ’•,9.99,1645.0,
Lacey,5.0,711.0,
Anitta Cortez ğŸ¥°ğŸ˜ˆğŸ¥µ,40.0,20.0,
Mia,5.0,1191.0,
Lene Angelica ğŸ‡³ğŸ‡´ VIKING girl!,25.0,2470.0,
"valentin ğŸ”¥ (0,1%)",11.99,884.0,
SophğŸ’—,19.99,1367.0,
Kimberly BootyyğŸ‘,15.0,1297.0,
Freya,0.0,6284.0,
LAURENSPENCER mature ğŸ´ó §ó ¢ó ¥ó ®ó §ó ¿ posh totty,9.99,6559.0,
,,,
VALERiCA STEELE,14.99,2170.0,
Emmy Corinne ğŸ±,15.0,485.0,
PennyLove mi lado mÃ¡s hot ğŸ¥µ,10.0,1664.0,
Laheldoll BIG TITTY GOTH GF,7.99,3009.0,
KAYLA JADE âœ¨,9.0,8220.0,
Pandora Blue! VIP ğŸŸ¢ online,14.99,2189.0,
PixieNurse (HeidiğŸ’• â€” no PPV!!),29.99,1525.0,
Eva Generosi VIP,15.0,585.0,
Belle,9.99,996.0,
Brianna Coppage,15.0,757.0,
Kit,15.0,852.0,
Aurora Angel,10.0,1770.0,
Alyssa ğŸ€ ğŸŸ¢ONLINE NOWğŸŸ¢,30.0,5059.0,
Sidney Summers,14.99,1723.0,
Caro Bell ğŸ””â€ â€â€ â€,9.99,136.0,
Riley Rider UK NO PPV,12.99,1694.0,
PiaPowa,25.0,2652.0,
Thattattooedgymguy,20.0,2506.0,
SophğŸ’—,10.0,2746.0,
Maya Pryce â¤ï¸,10.0,1561.0,
Ona Artist - 5M IG Hotty Gone Naughty ğŸ”¥ğŸ‘,20.0,1035.0,
FAT ASS MAMA ğŸ‘ğŸ˜˜â¤ï¸,19.97,3117.0,
Your mom nextdoor,11.99,4266.0,
blake bailey | the Girl-Next-Door,0.0,3443.0,
,,,
Ivy Luckey,7.99,791.0,
Tiffany Wisconsin,7.99,1698.0,
Elena Vonn,10.99,1732.0,
Shyla Jennings,8.99,3703.0,
Skye Aurora,25.0,277.0,
,,,
,,,
Mrs Milphord,17.99,1422.0,
Heidi Grey RATED#1 SEXY BLONDE OF page ğŸ‘,0.0,6645.0,
,,,
ğŸŸ¢ Naughty Student ğŸ’ Alexx,0.0,16099.0,
bxxbygxrl,5.0,1756.0,
Jacki segura ğŸ’‹,15.0,868.0,
AmyGabe,11.99,908.0,
Evan Peix,9.99,986.0,
The Jensens Play,9.99,1249.0,
Emma Jones,9.99,1096.0,
starryfawnn,33.0,1331.0,
pillow,9.99,571.0,
Kate Isobel Sharp VIP ğŸ¦‹,9.99,940.0,
Ivy ğŸŒ¿ğŸ˜ˆ,12.0,3859.0,
Scoopcake ğŸ’¦,19.99,5303.0,
Melissa Victoria ğŸ’€ğŸ¦‹,0.0,3107.0,95863.0
Cindy Starfall,5.0,2091.0,
ğŸ’– lauren ğŸ’–,0.0,4867.0,
Lexxy,9.99,1036.0,
Savannah BIG TITTY REDHEADğŸ§œğŸ»â€â™€ï¸ğŸ’¦,8.88,4108.0,
36ğ˜¿ğ˜¿ğ˜¿ ğ™‡ğ™„ğ™‘ğ™€ ğ™ğ™ğ™ğ™€ğ˜¼ğ™ˆğ™ ğŸ”¥,0.0,350.0,182592.0
Kellie B,20.0,1309.0,
Chloe BlossomğŸŒ¸,14.99,2004.0,
Æ‡Î±ÑÏƒğŸ”ğŸ–¤,15.0,979.0,
Blonde Mel,25.0,2344.0,
Sarah Jessie,0.0,4940.0,
Southern Kate VIP,20.0,3094.0,
â€¢ Scarlett â€¢,20.0,557.0,
Lia,8.0,131.0,
Zoeneli,12.0,744.0,
TiffanyJo,12.99,1155.0,
Irish Sarah ğŸ‡®ğŸ‡ª,14.99,830.0,
Lillyfee ğŸ’¦,14.99,2367.0,
ï¸¶ê’¦ê’·â™¡ princess lia â™¡ê’·ê’¦ï¸¶,16.66,1560.0,
Goddess Nikki Kit FREE OnlyFans Account,0.0,5126.0,15658.0
GymGamerGirl,20.0,2061.0,
Miss HJ Inked,10.0,2973.0,
Sadiee-Babyy (VIP),19.99,1085.0,
b ğŸ’‹ğŸ’,0.0,529.0,
Liv Paige,10.0,903.0,
CUSTOMS|CALLSğŸ‘‘ KEKE baby ğŸ‘‘,0.0,19075.0,
Kat Karma Orgasmic,8.99,2277.0,1327.0
âœ® á´€á´Ê™á´‡Ê€ ÊŸá´á´œÉªêœ±á´‡ âœ® â€¢ NO PPV â€¢,14.99,2245.0,
Sera Hanton,0.0,404.0,4121.0
Emanuelly Raquel ğŸ‘„your naughty girl,9.99,3352.0,
Charlie Flexi VIPâ™‰ï¸ Custom Video Queen,12.99,5109.0,
Willow Whispers VIPğŸ”¥,9.99,1197.0,
ğ—£ğ—®ğ—¿ğ—¶ğ˜€ ğŸ©·,8.99,3991.0,
Abby Addison,10.0,4951.0,
Char ğŸ©µ,12.5,1144.0,
Crystal âœ¨ 70% SALE ğŸ¤ğŸ©µ,12.99,6021.0,
âœ¨ Sofia,9.97,1580.0,
Xochavella Free,0.0,99.0,132768.0
âœ¨MiağŸ‘âœ¨,15.0,3482.0,
Danni Jones XXX,9.95,1914.0,
Kim BrÃ»lÃ©e,10.0,725.0,
Hanna Miller,19.99,288.0,
_xellieraex_,10.99,1041.0,
Krissylovesroses,19.99,1936.0,
Diana Estrada,25.0,707.0,
Mistress Elliana | Available Now,9.99,953.0,
LEILA LEWIS,9.99,3161.0,
Kleio Valentien ğŸ–¤,12.99,3011.0,
Tilly Fox ğŸŒŸNO PPVğŸŒŸ,12.0,2740.0,
Janie DeCarlo,14.99,1981.0,
Josie Jaxxon,9.69,1213.0,
Shweetie ğŸ­,15.0,1817.0,
Sally VIP âœ¨ Kinky girl next door,20.0,4499.0,
DaisyğŸ˜ˆ,0.0,3007.0,
ash â™¡,9.99,1898.0,
Sessy â™¡ | ONLINE ğŸŸ¢,15.0,507.0,
TinağŸ©µ,0.0,92.0,
Roxana ğŸ’‹,8.99,1592.0,
Christina Lust,12.5,5516.0,
Michigan Cutie VIP ğŸ§¡,14.99,2370.0,
Virtual Geisha,12.99,2388.0,
basiclysj,25.99,2357.0,
Olive Garden,14.99,2056.0,
ğŸ”¥FIRE PUSSYğŸ”¥,0.0,5484.0,
â™¡Jessica Carterâ”‹ğ„ğ±ğ©ğ¥ğ¢ğœğ¢ğ­. ğ„ğ±ğ©ğğ«ğ¢ğğ§ğœğğ â™¡,14.99,4588.0,
,,,
Jessie and Jackson,19.99,2715.0,
Elina_mj ğŸ®,19.99,792.0,
Lexi,15.0,2210.0,
Fantasy Storm,12.99,1170.0,
Sickle Six A.M. ğŸŒ™âœ¨ï¸,19.99,2528.0,
Susy G,39.99,11857.0,
ğ‚ğ‘ğ„ğ€ğŒğğˆâ‚¬ ğŸ’¦ ğ’ğ“‡ğ‘’ğ’¶ğ“‚ğ“ ğ“…ğ“Šğ“ˆğ“ˆğ“ğŸ¦ğ’ğğ”ğˆğ‘7ğŸ’¦,0.0,38101.0,
RyBaby âœ¨ (VIP),9.99,1952.0,
Roman Hawke,16.5,1219.0,
ğ‚ğ‡ğ‹ğğ„-ğŒğ€ğ˜ ğŸ’ VIP,9.99,393.0,
talğŸ§šâ€â™€ï¸,12.0,653.0,
Abbie Maley,14.99,1685.0,
BritneyğŸŒ¸,5.99,537.0,
kbass2.0,29.99,3431.0,
,,,
Jess ğŸ’ check your Dms ğŸ,0.0,795.0,19625.0
Kailani Kai XXX,14.99,4627.0,
FlareğŸ—¡ï¸,0.0,444.0,
Lindsey âœ¨ï¸ VIP âœ¨ï¸,12.0,2048.0,
Liisa VIP (no ppv),10.0,2421.0,
CuteeAssabutton,20.0,2783.0,
Aaliyah MilanğŸ’‹,15.99,1928.0,
Darling Boo,12.0,1188.0,
ğŸ’ Goddess Nicki ğŸ’,0.0,1645.0,
Marley ğŸ¦,22.22,418.0,
Sam Singh,8.99,16964.0,
âœ¨BB VIPâœ¨,24.99,5964.0,
Fede - Fit SEXY Mom - VIP,12.99,2085.0,
American Cake - Top .07% Worldwide ğŸ’¦,17.99,1047.0,1724.0
Scarlett ğŸ’‹,0.0,6457.0,
Kathrin3,8.0,842.0,
Hayley,15.0,4303.0,
Babygirl,20.0,2546.0,
ğŒğğ‹ğ‹ğ˜ ğğ€ğ‘ğŠğ„ğ‘ ğŸŒ·,5.0,518.0,
Kylie Taylor â™¡,0.0,628.0,
Katrina Jade,9.99,1747.0,
Mara Swan ğŸ©·,0.0,5423.0,
Avery Cristy,5.0,972.0,
,,,
HONEY ğŸ¯ your Aussie secret,9.95,3044.0,
little_emo_kitten,10.99,1496.0,
GOTH PAWG ğŸ¤ğŸ–¤,0.0,7868.0,
ğŸ‘ INKED ANUS ğŸ‘ğŸ˜ˆğŸ’¦,0.0,12057.0,
ğŸ’•âœ¨Kat Ravioliâœ¨ğŸ’•,15.0,2303.0,
Redd,30.0,2469.0,
ğ“Šğ“‹¼ğ“Šğ“‹¼ğ“Š EmpressElfiie ğ“Šğ“‹¼ğ“Šğ“‹¼ğ“Š,5.0,2899.0,
Victoria Price ğŸ’«- DM me ğŸ’•,12.99,1264.0,
AUBREY ADDISON ğŸ’—,14.99,1514.0,
âœ…ğ€ğ˜ğ€ğğ€ ğ’ğˆğâœ…,0.0,2580.0,
Emily Lynne ğŸ‘,15.0,8763.0,3275.0
MIYA,25.0,187.0,
Natalia Queen â™š TOP 0.1%,12.5,1176.0,
Rosiie ğŸ˜ˆğŸ’¦ğŸ”,11.99,1322.0,
Ely La Bella,4.99,1543.0,
Roxanne Roselle ğŸŒ¹,19.99,860.0,
Cay Wild,12.99,3795.0,
,,,
ğŸ’™REALğŸ˜ˆMOM NEXT DOOR,49.99,2169.0,
Apolonia Lapiedra VIP,29.99,5380.0,
Violet Starr,50.0,1214.0,
madi ruve,11.0,328.0,
Karla Lane,10.0,2802.0,
Annie Knight,14.99,1457.0,
ğŸ°ğ‰ğ€ğƒğ„ ğŸ’¦,4.99,770.0,
#1 DADDY'S GIRL ğŸ€,6.99,2558.0,
Valentina Naomi â™¡ GF EXPERIENCE,12.99,3191.0,
Mona Azar,24.99,1194.0,
MishyLuv VIP,12.0,1493.0,
Hime,12.99,2024.0,
Bubblgummbabe,14.99,1242.0,
Margot,9.99,272.0,
ğŸ’ Gabriella Love ğŸ’,0.0,2252.0,
Whitney Wright,4.99,1364.0,
Andrea Tork,11.99,658.0,
Brett Dream,15.0,602.0,
Devon Jenelle,14.69,566.0,
Tatted ChelseağŸ’‹,20.0,958.0,
April ğŸ’–,12.99,849.0,
Zoena,14.99,96.0,
CurvyMama15 ğŸ‘,8.0,1724.0,
,,,
Dolly Mattel ğŸ’•,5.0,4621.0,
ğŸ’šBunny SnowğŸ’š,0.0,2615.0,
sade ğŸ’‹,15.0,811.0,
Mae Soryu,12.0,3660.0,
Nikkiâ¤ï¸â¤ï¸,15.99,2128.0,4913.0
NO PPV EVERğŸ’—,30.0,781.0,
Sam ğŸ’•,9.55,554.0,
â›§ Jill â›§,8.0,602.0,
Anna Banks,0.0,2160.0,49417.0
ğŸ©·ğŸŒ™Ælouise JadÉ›Â°â€¢.ğŸª½ur British gf x,6.99,1079.0,161.0
slay ğŸ—¡,12.5,1097.0,
Samantha ğŸ’‹,11.99,1761.0,
Bella Marie â™¡,0.0,285.0,
Jaylene Rio,11.99,3737.0,
VIVIANNA VIXEN,11.99,2367.0,
AnaKatana,12.85,806.0,
ğŸ¦‹ SARAH JOY ğŸ¦‹,10.0,3163.0,188.0
â™ ï¸HOTWIFEâ™ ï¸ â€”â€”â€” âœ… NO PPV âœ…,14.99,8128.0,
mvngokitty,19.99,942.0,
DizzyIzzyButt,9.99,2929.0,
ğ‰ğ®ğ¢ğœğ²_ğ‰ğšğ§ğ_ğ”ğŠ,9.99,1278.0,
Durden,0.0,381.0,69462.0
ğŸ‘‘QUEEN CURVI POMPOSAğŸ’—ğŸ‘,12.0,1598.0,
Tali,4.99,982.0,
Laila - TIP $6 FOR BOYGIRLğŸ”¥,35.0,311.0,
jassysky,14.99,972.0,
â¤ï¸ LAUNA ğŸ’— SEXY REDHEAD,0.0,5317.0,
ğŸŒ»Risa MarieğŸŒ»,8.99,1252.0,
BlondieğŸŒ¾,9.99,472.0,
Mariza4500ccsğŸ’ğŸ’¦,15.99,2268.0,
Mama ALEXA TAYLORâ€¼ï¸ ONLINE,15.0,7784.0,
ğŸ’  ğŸ…±ï¸ETTY - ğŸ…±ï¸ANGS  ğŸ’,0.0,1537.0,
TDOH - BG FULL NUDE!!,24.99,4219.0,
trixie dang ğŸ’•,12.99,1488.0,
ğŸ’‹ CATHERINE KNIGHT ğŸ’‹,9.99,6630.0,
BBW Dream Rose ğŸŒ¹,4.99,516.0,
Sinatra ğŸ§¡,0.0,3034.0,
Bootyqueen ğŸ‘,12.0,2576.0,
K.O.F,15.99,618.0,
venessasbutt,10.99,1865.0,
EVIE LEANA ğŸ˜½ ONLINE NOW,10.0,977.0,
Dom,10.0,1690.0,
Lily Lou,15.0,689.0,
Nikole Mitchell,15.0,2751.0,
HELENE BOUDREAU,20.0,329.0,
Katie ğŸ’•,10.99,2580.0,
,,,
Kristina RaeğŸ’‹Army VetğŸ‡ºğŸ‡¸Mom Next Door,9.95,1513.0,
Hellen Karoline,14.99,2739.0,1431.0
Kitty Kushman,12.99,1207.0,
Maria Nagai,13.99,1227.0,
Sophia Abdalla,9.99,3339.0,
Lavender â˜˜ï¸ Your Irish Gf,14.99,3167.0,
vngel,13.0,863.0,
Elena,8.99,2277.0,
LUNA ğŸ–¤ JOIN VIP PAGEğŸ¤¤ğŸ’¦,10.0,5794.0,
Claire,29.0,580.0,
Alexandra Mora,18.99,785.0,403.0
Bonnie ğŸ³ï¸â€âš§ï¸,0.0,217.0,21628.0
Bella Mkay,9.99,960.0,
Lilie,9.99,3414.0,
Emmy Blaise ğŸ‡¦ğŸ‡º Aussie Mum,15.0,1584.0,
,,,
Luna RoseğŸŒ™ğŸŒ¹ (Lets get Kinky baby!),12.99,5538.0,
Ellie James,29.99,1926.0,
JenniğŸ’˜,15.0,851.0,
Vanessa Selene ğŸ§¸,5.0,107.0,
SEX WITH STRANGERS,15.99,5494.0,
Cherry Chai â˜•ï¸,13.99,2772.0,
Unicornglitteryblood,15.0,1000.0,
Kami,10.0,794.0,
Delilah ğŸ’œ,12.0,3954.0,
Alva Jay,0.0,1194.0,
aprilcali84,5.99,1591.0,364.0
Bigbootynextdoor,15.48,486.0,
Hotwife - Cuckoldress - Mom of 2 ğŸ”¥,4.99,9621.0,
,,,
Sheila Ortega ONLINE ğŸ’– ğŸ¤³ğŸ˜ˆ,19.99,10178.0,
"ğŸ˜»Hot kitty Luciaâ™¦ï¸sext,Vcalls&amp;customsâ™¦ï¸",6.0,1908.0,
bemelodyğŸ§¸,8.86,745.0,
Princesspea0318,8.0,3414.0,
Terin + free dick rate when you subğŸ’–,10.0,4250.0,
liz,7.99,1609.0,
Coco Bee,10.0,718.0,
Ava ğŸ’•,12.99,2380.0,
Luckless Holly Free,0.0,701.0,
Strellakat,9.99,561.0,
mÄ¾Ä±f Davison VIP,7.0,3499.0,
ğŸ’•Horny Sexy Purple BitchğŸ’•,4.99,1157.0,94.0
Ava MarieğŸ’ğŸ‡µğŸ‡­,19.99,3736.0,
Giulia Leone,4.99,4311.0,259.0
Princesshaze,9.99,784.0,
kai ğŸ’¦,14.0,491.0,
Suzy Cortez,4.99,31.0,
Kenzie Taylor,0.0,1985.0,
TOKYO DRIFT CITY,9.99,752.0,
Bailey Saint SoloğŸ«§,7.99,1781.0,
(âœ¿â— â€¿â— ) ruby robusta,10.0,401.0,
Valery ğŸ’• Your fav flexible girl,0.0,5946.0,
SHAYâ€™S VIP â­ï¸ PREGNANT MUMMY,8.99,1643.0,
Nina Alder,12.99,5501.0,
Kaystryder ğŸ”¥,0.0,327.0,
KattyLoveSexğŸ˜ˆ(18+),0.0,487.0,0.0
Kleo Purple,8.0,645.0,
ğŸ’¦Calais WyllieğŸ’¦$4.50 - FREE VIDEO,12.99,3068.0,
Sofia ğŸŒ¸,19.99,30.0,
u47792098,17.99,187.0,
Maddison ink,15.0,266.0,
MISS ALEXXXIS,0.0,1169.0,49079.0
Jasmine Marie,15.0,3386.0,
ğŸ¥³ğŸ‰ğğ¢ğ«ğ­ğ¡ğğšğ² ğ†ğ¢ğ«ğ¥!!!! ğŸ‚ğŸ˜˜ ğŸ¾,0.0,460.0,
"Jade Wade - BDSM, Gym Fit, Fitness, GILF",0.0,1903.0,
TheUKCouple Free â¤ï¸,0.0,4323.0,32500.0
Fay Katz,7.99,782.0,
aurora angel,0.0,545.0,9595.0
Alaska â™¡,12.99,279.0,
jennysroom VIP,15.0,2727.0,
ğŸ’• Mia WolfğŸ’• Videocalls Queen ğŸ‘‘,0.0,2791.0,
Arianne_leblandâœ¨ğŸ’‹,15.0,1263.0,
â›“ï¸ goTHICC Babe,9.99,1034.0,
Princessbibbly Buttsex Paradise,15.99,4148.0,
Mason Lily â¤ï¸,15.0,3214.0,
Kate Clark,10.0,1386.0,
ğŸ’–Jean Marie(VIP) THE WIPE IT DOWN QUEENğŸ‘‘,8.99,2607.0,
Ava Love,0.0,237.0,
Lylou Black,12.95,671.0,
Paige ğŸŒŸ,12.99,5775.0,
Getfitlikekori VIP,10.0,2864.0,
Sommer Brooke,8.88,3787.0,
ğŸ’œApexğŸ’œ,20.0,1400.0,
Froggee,10.0,2470.0,
Sophia,4.99,502.0,
Shpooky Sarah ğŸ–¤ FREE VIDEOS WALL &amp; DMS ğŸ¥,12.99,7567.0,
Beaux Peeps ğŸ¤,15.0,3262.0,
Rose,7.99,7525.0,
Em ğŸ­ğŸ’,10.0,2823.0,
sunlightdoll,15.0,612.0,
Sky Victoria ğŸ–¤ ONLINE ğŸŸ¢,0.0,2053.0,
Alice ğŸ‘¸ğŸ¼,12.0,220.0,
Queef Queen,12.0,1963.0,
Alexa,10.0,1280.0,
â¤ï¸JULIA,14.99,981.0,
JJeal,11.99,1665.0,
video call? ğŸ’¦ ğŸ˜ˆğŸ¥µ,0.0,2635.0,71108.0
Happygirl,49.99,1680.0,
ğ“ğ®ğœğ¤ğ² ğ“ğ¡ğšğ¢ ğŸ‡¹ğŸ‡­ğŸŒ´ğŸ¥¥Your tropical girl ğŸ¥°,0.0,511.0,
Bootyhole babe,0.0,2512.0,70274.0
,,,
Ana.Daniela99ğŸ¥°,5.0,1750.0,
ğŸ’– Inkprincess Beth ğŸ˜ˆğŸ’¦,12.99,3949.0,
Enulie porerğŸ«¶ğŸ»,25.0,655.0,
Hailey Nicole,5.99,3120.0,
caity! â™¡,9.99,1192.0,
ur2dwaifu,10.0,480.0,
Chloe RosÃ©,14.99,294.0,
Ava FREE,0.0,726.0,21434.0
ğŸ’• GF Michelle ğŸ’¦,0.0,4297.0,63633.0
TinyfujiğŸVIP PAGEâœ¨,12.99,1074.0,
Hazel (NO PPV),19.99,290.0,
Letizia âœ¨,15.0,4652.0,
ğŸ’œ Holly,14.99,3537.0,
Mimi OfficialğŸ’‹,15.0,1584.0,
Lucia Malone,8.99,411.0,
Jaaden kyrelleğŸ‘,0.0,1739.0,
Ivy Wylder,10.0,1375.0,
Kim Sanchez,0.0,116.0,
"Norske ğŸ‡§ğŸ‡» Nora Northâœ¨0,1%",49.0,100.0,
Bambi ğŸ–¤,20.0,852.0,
Camila VIP ğŸ‘,20.0,218.0,
Alexita Tapia,12.99,1755.0,
Ms. Lily,10.99,977.0,
Penelope ğŸ‘ Hairy,20.0,2166.0,
TS Alektrya  ğŸŸ¢ SEXTING AVAILABLE,12.0,287.0,
Day Bowman,13.75,625.0,
Huge TIIITS ğŸ‘…ğŸ‘…,0.0,540.0,
lilpixiekitten,15.0,1096.0,
Nurse Rose ğŸ¥€ğŸ’‰,6.69,1781.0,
Saralia,9.99,1253.0,
Sadie | Picti Princess,0.0,1281.0,
BBW-JayAngelsğŸ‘ğŸ’¦,7.99,748.0,
Juicy Magick,15.0,844.0,
VibeWithMommy,12.99,1619.0,
Finding Heidi,11.99,926.0,
Ashley Black,0.0,2788.0,
Nicole,12.0,423.0,
ğ“›ğ“²ğ“½ğ“µğ“µğ“® ğ“šğ“²ğ“½ğ“½ğ”‚,14.99,332.0,
KhloeKingsleyxoğŸ’‹,0.0,2745.0,21415.0
Aidra In Wonderland,20.0,667.0,
Syakirah Aziz â™¡,0.0,31.0,
Bella Hotwife â™ ï¸ğŸ‡«ğŸ‡®ğŸ‡¬ğŸ‡§,15.0,2109.0,
Blake Andrews,9.99,5086.0,
Amanda Wilde,14.99,421.0,
lebraa,5.0,121.0,
Anc1lla,9.99,3098.0,
â¤ï¸SEXT JULIAğŸ’¦ğŸ’¦,0.0,1034.0,21433.0
ğŸ‘¸ğŸ¼Charlotte Rachel,14.99,175.0,
@SGODDESS,9.99,1791.0,
Raven ğŸ–¤,12.12,1405.0,
Sofi MorağŸ‘€VCALL EXPERTğŸ¥‡,0.0,17636.0,
Lexxxy Loo VIP **Sale**,5.98,5565.0,
,,,
Yanet - ğŸ’ªğŸ½ğŸ’• Latina muscle mommy,5.0,1723.0,
,,,
Elizabeth,0.0,1578.0,
Savannah,7.99,2052.0,
ğ–¤ vega venom ğ–¤,15.0,662.0,
Riley Rox,9.99,937.0,
Jasmin ğŸ’,12.99,607.0,
Kitty,25.0,881.0,
Pom,9.99,2497.0,
ğŸ’— Lily ğŸ’—,0.0,778.0,
Therealadrixx,20.0,776.0,346.0
PAGE IS CLOSED / INACTIVE,50.0,1844.0,
Cookie ğŸª,0.0,1176.0,
Jackieng_off,15.0,1634.0,
Lana Love,9.99,619.0,
Stephanie Love,10.0,2773.0,
Julia ğŸ’œ (Pixiee),14.99,318.0,
,,,
Mina Rayne â™¡,14.99,857.0,
Faith â˜ï¸,14.99,945.0,
MiağŸ¦‹,10.99,467.0,
mrs. t ğŸ«¦ fit M!LF,0.0,416.0,
Grey Desire,20.0,3286.0,
Brandy Bunny Bunz ğŸ°,0.0,1693.0,
Chorley Clover ğŸ” British Mum ğŸ–¤ VIP PAGE,12.5,2711.0,
,,,
Roxy Loove ğŸ’¦ One and only!,19.99,335.0,
Vanessa â¤ï¸,12.5,1206.0,
Morgan Taylor ğŸ’¦ VIP Cougar Lounge ğŸ¥µ,14.99,1303.0,
,,,
Zalia VIP room ğŸ˜ˆ,49.99,2043.0,187.0
Susy Gala,0.0,10978.0,
ğ—˜ğ˜ƒğ—²ğ—¹ğ˜†ğ—»ğ—» â™¡ ğ˜‚ğ—¿ ğ—°ğ˜‚ğ˜ğ—¶ğ—² ğ—´ğ—³ ğŸŒ¸ğŸ€,0.0,11482.0,213954.0
ForcedOrgasm ğŸ‡³ğŸ‡´ Girls Gone Wild,0.0,69.0,19360.0
Bailey Bae,0.0,3935.0,
Lexi Lore ğŸ’•,8.99,1567.0,
Dixie Ann ğŸ’‹,15.0,940.0,
Naomi ğŸ’•,9.99,1001.0,
CandyXS,9.99,1235.0,
Olivia Jaymes,15.0,388.0,
Tania â˜ï¸,15.99,1583.0,
,,,
â¤ï¸Irish chickâ¤ï¸ Vip Page,6.0,1713.0,376.0
Moxie ğŸ’—,10.0,371.0,
YasmicanetğŸ¥µğŸ”¥,19.99,422.0,
Sabrina â¤ï¸ Rated #1 BJs on Onlyfans! ğŸ’¦,18.99,1013.0,
Angela.doll,14.99,567.0,
Kitty Kat,12.99,948.0,
Cara Campbell,15.0,1969.0,
,,,
Sam,5.0,366.0,
Alexis Bailey,13.0,844.0,
âœ¨Jessica VIP âœ¨,4.99,330.0,
Sirena ğŸ«¦,12.99,1284.0,459.0
ğŸŒ¸ Fernanda ğŸŒ¸,12.0,1818.0,
Di and Nick,12.49,9975.0,
WifeLovesBBC,19.99,1344.0,
Julha â™¥ï¸,6.0,1571.0,
Lauren ğŸ‘…,0.0,10959.0,121570.0
Dominatrix Dinah - ğŸ’¥ Dominant Hot Wife,6.99,1988.0,
Dr Nazardan ğŸˆâ€â¬›,15.0,1791.0,
CelesteğŸ³ï¸â€âš§ï¸,0.0,521.0,44577.0
,,,
Valery,25.0,534.0,
Valentina Harper,0.0,654.0,
Eva Lex,10.0,464.0,
Olivia,7.99,1712.0,
Steffii,12.0,2965.0,
Lady Evans,9.99,1979.0,
Zoe Strawberry ğŸ§šâ€â™€ï¸,20.0,1857.0,
Dani Avery,14.99,1684.0,
Dahyn FREE Community! ğŸ’‹,0.0,1009.0,
ğ‘½ğ’†ğ’“ğ’‚ ğ‘©ğ’‚ğ’ğ’Œğ’” ğŸ’•,8.0,428.0,
Amber,10.0,125.0,
Molly ğŸ˜¼ Meow,5.2,138.0,
,,,
BellağŸ­ğŸ’¦,7.5,1376.0,
LaraJuicy ğŸŒ¹,0.0,4207.0,
ğ‘±ğ’‚ğ’›ğ’ğ’Šğ’ğ’†ğ‘± â™¡ ğ‘½ğ‘°ğ‘·,9.99,4824.0,
NarumiğŸ’• Exclusive content ğŸ”,4.99,921.0,
Sage,10.0,1002.0,
El B,0.0,122.0,
Uptownjenny VIP EXCLUSIVE,4.99,951.0,
Lilu ğŸŒ™ VIP ğŸ–¤,12.0,608.0,
Claudia Rivier,11.99,89.0,
Creep Queen,10.0,1947.0,
Lauran Vickers ğŸ’• Kinky Mommy ğ•ğˆğ,19.99,22390.0,347.0
Chloe,10.0,1088.0,
,,,
Tami ğŸ’•,11.0,516.0,
,,,
OftenElle,7.0,602.0,
Fetish Liza,25.0,4168.0,
Ksv0806_2.0,25.0,1592.0,
Sophia Anne ONLINE ğŸŸ¢,0.0,1648.0,
,,,
Briana Bueno ğŸ«,12.99,670.0,
Moon ğŸ–¤,13.0,1945.0,
Briellah Qosâ™ ï¸ Russian princess ğŸ‘¸ğŸ¼,20.0,561.0,
ğŸ’—HAIRY LOLAğŸ’—,0.0,2627.0,8715.0
Abella Grace,9.99,1053.0,
Stella Sedona,0.0,217.0,
,,,
,,,
"ğŸ‡³ğŸ‡´Xoxogirl22 VIP top 0,7%",5.0,1120.0,
Olivia Fleur,8.99,1443.0,
My BF Doesnâ€™t Know,0.0,794.0,86228.0
Berry ğŸ“,9.0,619.0,
PixieNurse ğŸ’•ğŸ˜‰,7.77,1699.0,
ğŸ’–ğ’´ğ‘œğ“Šğ“‡ ğ’©ğ‘œğ“‡ğ“Œğ‘’ğ‘”ğ’¾ğ’¶ğ“ƒ ğ’·ğ’¶ğ“‡ğ’·ğ’¾ğ‘’ğŸ’– ğ—¡ğ—¢ ğ—£ğ—£ğ—©,50.0,1215.0,
Nurse_of_Love,14.99,421.0,
Kim Possible,8.9,1278.0,
Lucy,10.0,809.0,
LIDDIE ğŸ‘,12.99,3895.0,
Mercyy,0.0,1257.0,
Ashley,6.99,704.0,
ğŸŒ¸Lily FlowersğŸŒ¸,9.99,2921.0,
ğ˜ğğ”ğ‘ ğ–ğ€ğˆğ…ğ” ğŸ’ ğ‘½ğ’Šğ’‘ ğŸ”’ ğ‘µğ‘¶ ğ‘·ğ‘·ğ‘½,30.0,999.0,
Fleur.Sauvageâœ¨,10.0,2778.0,
,,,
KenzieğŸ’¦FREE,0.0,98.0,132242.0
Wild N Canadian ğŸ,10.0,2096.0,
Lily The RedheadğŸ‘ğŸ§¡,6.0,60.0,
Chloe Woods,10.0,768.0,
ğ—¢ğ—±ğ—²ğ˜ğ˜ğ—²ğŸ¦¢ğŸ©°ğŸ‘‘,10.0,1745.0,
rinna rains â™¡,20.0,1161.0,
Sania Mallory ğŸ˜ˆ,14.99,1402.0,
Gabbyâ¤ï¸,15.0,3435.0,
Brandyjoe83,14.99,4382.0,
âœ¨ ğ—©ğ—®ğ—»ğ—²ğ˜€ğ˜€ğ—® â¤ï¸ ğŸ­ğŸ– ğ—¬ğ—²ğ—®ğ—¿ ğ—¢ğ—¹ğ—± ğŸ‘…FREE PAGE,0.0,2045.0,
black lotus ğŸª·,8.0,661.0,
ğŸ’šOnline âœ¨ğ€ğ‹ğˆğ•ğˆğ€ ğ•ğˆğ ğğ€ğ†ğ„âœ¨,10.0,7512.0,11922.0
tami tsunami,10.0,1166.0,
Riah :),10.0,994.0,
,,,
morg ğŸ“,5.99,8877.0,
Emmy's Free Page ğŸ±,0.0,551.0,
Mapy ğŸ‘ BIG ASS ğŸ’¦,10.0,990.0,
Maddie Kay ~ NO PPV,12.99,783.0,
ğŸ€Latina GirlfriendğŸ€ dm me(;,12.0,4208.0,
Ali-Rose ğŸ’,7.99,2212.0,
Odette,14.99,2366.0,
Linny_hill,9.99,314.0,
Enyely211  (TOP 0.1%),14.99,452.0,
CallieğŸ’‹,8.0,2972.0,
,,,
Emori Splash ğŸ–¤,15.99,378.0,
junebug ğŸ§¡,10.0,1175.0,
,,,
txhotwife84,11.99,3341.0,
Barbie,0.0,532.0,21974.0
EM ğŸ–¤,10.0,762.0,
ğŸ¤°ğŸ¼Pregnant Aubrey Frost,0.0,863.0,
Morgana ğŸ’,15.0,1422.0,
ğ“¢ğ“¾ğ“¬ğ“±ğ“ª ğ“–ğ“¸ğ“¸ğ“­ğ“°ğ“²ğ“»ğ“µ ğŸ¦„ğŸ¦‹,10.99,149.0,
Natalia ğŸ“š,10.0,937.0,
Lexa Fit Freak ğŸ¥µ FREE,0.0,3997.0,
Goddess BellaB VIP,35.0,1567.0,
Alexa Tomas ğŸŒ¹,12.99,832.0,
Dixxie,5.0,545.0,
Lavi,0.0,640.0,
ğŸ–¤Spider.legsğŸ•·ğŸ•¸,10.0,366.0,
catherineâœ¨,10.0,713.0,
KaiRazy ğŸŒº,8.69,591.0,
,,,
KATRINEâ¤ï¸ğŸ’,7.99,739.0,
Lara Craft,4.99,251.0,
Kenzie Lynn Taylor,50.0,870.0,
Cassidy Heat,8.99,1667.0,
Cremita,6.0,1114.0,
ğŸ–¤Savannah Skye,4.99,351.0,
Bella Marie Berrada,9.99,1659.0,
Riley âœ¨ğŸ°,0.0,789.0,57115.0
The Sinstress,18.99,500.0,
ğŸ¤°ğŸ¼Pregnant Sophie Lovelight â¤ï¸âš¡,0.0,504.0,
Chloe Bu â¤ï¸,0.0,265.0,
,,,
Mercy Morg,11.0,2606.0,
Samie Vera ğŸ‘,19.99,114.0,
Sofii,15.0,543.0,
Camilla Brooke ğŸŒ¿,15.0,2161.0,
,,,
Jasmine Teaa (Free Page),0.0,2129.0,
Bri ğŸ’—,0.0,5897.0,35428.0
"SğŸ„´RğŸ…¹Iâ“„ Â¹â¸,â°á´·ğŸ…µğŸ†ğŸ…´ğŸ…´.Â¹ âµÙªğŸ”",0.0,655.0,18325.0
ğŸ‘‘ Solesmad Fetish Queen ğŸ‘‘,12.5,3202.0,
MistressNoir,9.99,875.0,
We Want Diamond,0.0,622.0,109764.0
MadisonB,6.5,1768.0,
Poppy ğŸ’– real couple fantasies ğŸ‘©â€â¤ï¸â€ğŸ’‹â€ğŸ‘¨,7.25,550.0,
millieehannah,9.99,602.0,
Claudia Maria,6.0,1216.0,
m,0.0,357.0,38551.0
DirtyBlondeTeach,7.99,1566.0,
ğŸŒ™BRITISH ASS QUEENğŸ©·,0.0,189.0,75418.0
Loren Grey ğŸ’–Submissive Baby Doll SluutğŸ‘¼ğŸ’¦,9.99,770.0,
Letâ€™s sext ğŸ“±,10.0,8315.0,
Evelin ğŸ’‹âœ¨,11.9,755.0,
Bella ğŸ’ğŸ‘ğŸ¥µ,6.0,888.0,
Kae,9.99,469.0,
ana_lingus,9.99,1350.0,
ğŸŸ¢BELLA BABYğŸ‘,0.0,5450.0,
